id,description,type,requester,appointee,location,status,starttime,closetime,additional
3353478689635687789,Spanish speaker needs help,Interpreter,John Doe,-1,PHALL00901,pending,null,null,Spanish/
3958696130127070596,Need Spanish interpreter on 3rd floor!,Interpreter,Jerry Seinfeld,1221,PDEPT01605,pending,null,null,Spanish/
6797576108012728701,Need Mandarin interpreter on 2nd floor!,Interpreter,Erica Wilkinson,883,PELEV00203,active,63021,64522,Mandarin/
2606173598316035124,Hindi person only speaking hindi and wants to order food,Interpreter,Vanessa Hudgens,181,PDEPT01102,closed,120302,120305,Hindi/
3068243707257627265,Patient is mad and wants refund,Supervisor,Patty Rock,-1,PCONF00103,closed,205142,220202,null
5694014346858902239,Sanitation on 2nd floor. Nosebleed blood everywhere,Sanitation,William Monson,81,PSTAI00202,pending,null,null,Overflowing/
7183404088925409751,Patient sneezed and didn't cover her mouth,Sanitation,Joanna Johnson,82881,PSTAI00102,active,120322,130221,Missed/
4484694718876021353,1 person wants to go to another hallway,InternalTransport,Lauretta Fitzsimons,87,PHALL00901,pending,null,null,1 person
6410196324387491684,2 people want to go to the ambulatory clinic,InternalTransport,Alethea Buckman,88,PDEPT01605,closed,null,null,2 people
2480423409694040199,3 people want to go to cafeteria,InternalTransport,Dania Shingler,89,PREST00101,active,null,null,3 people
5555016480333987228,Kayleen wants  a church service on Easter,Religious,Kayleen Saracino,90,PDEPT01605,pending,null,null,Christianity/
1303344038679545942,Gearldine wants a Bahai service ASAP,Religious,Gearldine Knisley,91,PDEPT00303,active,null,null,Bahai/
5959528751605876343,Lavada wants to borrow a computer so her son can play games,InfoTech,Lavada Brass,93,PDEPT00303,pending,null,null,Computer/
808596098768817633,Karolyn can't log in to her email needs help,InfoTech,Karolyn Krebsbach,94,PCONF00103,pending,null,null,Email/
5334632703300309118,Brandi's iPhone can't join network,InfoTech,Brandi Raiford,95,PELEV00203,pending,null,null,Network/
3181412645318912717,Marya wants to buy 3 roses,Florist,Marya Brinton,96,PSTAI00202,active,null,null,3/
4873905194235576612,Britany wants to buy 2 orchids,Florist,Britany Palka,97,PDEPT00602,closed,null,null,2/
4281525178530136204,Cara wants to buy a single tulip,Florist,Cara Mcneely,98,PSTAI00102,active,null,null,1/
1869042728404469096,Suanne wants some Synthroid,Medicine,Suanne Neeld,99,PHALL00805,pending,null,null,Synthroid/2/05-30-2019
8227982468464361544,Chang needs some Ventolin,Medicine,Chang Desrosiers,100,PDEPT01205,active,null,null,Ventolin/3/02-12-2020
3018694984745726849,Sadie wants to purchase a bottle of Nexium,Medicine,Sadie Fambro,101,PELEV00203,active,null,null,Nexium/7/01-18-2009
7023008272728676130,Shirlee needs a mic for a meeting,AudioVisual,Shirlee Lieser,102,PSTAI00202,pending,null,null,Microphone/
598224474116733802,Rayford wants a speaker for a zumba class,AudioVisual,Rayford Blish,103,PDEPT00602,active,null,null,Speaker/
5746404457769767502,Adelaida needs a camera to start an employee of a month,AudioVisual,Adelaida Merida,104,PSTAI00102,active,null,null,Camera/
3319260162697853757,Mikel wants a pack of skittles,GiftShop,Mikel Laverriere,105,PDEPT01605,pending,null,null,Ski 1/
6499463265475004775,Cherish wants two packs of sour patch kids,GiftShop,Cherish Mcgivney,106,PDEPT00303,pending,null,null,Sou 2/
9203557593314775920,June wants ten pack of twizzlers,GiftShop,June Axley,107,PCONF00103,pending,null,null,Twi 10/
