id,xcoord,ycoord,floor,building,nodetype,longname,shortname,teamassigned
DEXIT00102,4295,749,2,Main,EXIT,15 Lobby Entrance,15 Lobby Entrance,P
EXIT15002,3060,1091,2,Main,EXIT,45 Francis Entrance,45 Entrance ,P
XHALL15702,3281,1134,2,Main,HALL,45 sidewalk,45 sidewalk,P
XHALL15802,3372,1219,2,Main,HALL,45 sidewalk,45 sidewalk,P
XHALL15902,3378,1573,2,Main,HALL,45 sidewalk,45 sidewalk,P
XHALL16002,3906,1573,2,Main,HALL,45 sidewalk,45 sidewalk,P
XHALL16402,3338,1166,2,Main,HALL,45 sidewalk,45 sidewalk,P
FEXIT00201,1695,1337,1,Main,EXIT,75 Francis Valet Drop-off,75 Francis Exit,P
FHALL02901,1697,1281,1,Main,HALL,75 Lobby,75 Lobby,P
FRETL00201,1609,1246,1,Main,RETL,Au Bon Pain,ABP,P
EEXIT00101,2275,776,1,Main,EXIT,Ambulance Parking Exit,AmbExit 1,P
ELABS00101,3056,733,1,Main,LAB,Asthma Research Lab,Asthma 1,P
GSERV02301,1573,1879,1,Main,SERV,ATM Floor 1,ATM,P
HBATH00103,1785,838,3,Main,REST,Restroom,Bathroom 0103,P
HBATH00203,1755,985,3,Main,REST,Restroom,Bathroom 0203,P
FREST00101,2087,975,1,Main,REST,Restroom,Bathroom Lobby,P
FDEPT00201,1531,1119,1,Main,DEPT,Bretholtz Center for Patients and Families,Bretholtz WR,P
GDEPT00403,1540,2144,3,Main,DEPT,Brigham Circle Medical Associates,Brigham Circle Medical Associates,P
DDEPT00302,3872,559,2,Main,DEPT,Brigham Health,Brigham Health,P
ACONF00103,1650,2939,3,Main,CONF,BTM Conference Center,BTM Conference,P
ARETL00101,1610,2506,1,Main,RETL,Cafe,Cafe,P
ASTAI00101,1670,2585,1,Main,STAI,Cafe Stairs,Cafe Staris,P
GLABS014-2,1537,1847,-2,Main,LAB,Cardiac Stress Test Lab,Cardiac Stress Test Lab,P
GLABS003-2,1727,2116,-2,Main,LAB,Cardiovascular Imaging Center,Cardiovascular Imaging Center,P
ADEPT00301,988,2848,1,Main,DEPT,CART Waiting,CART Waiting,P
FDEPT00301,1720,931,1,Main,DEPT,Multifaith Chapel,Chapel,P
DDEPT00102,4330,700,2,Main,DEPT,Chest Diseases,Chest Diseases,P
FDEPT00101,1605,825,1,Main,DEPT,Center for International Medicine,CIM,P
ALABS00203,1651,2700,3,Main,LAB,Clinical Trials,Clinical Trials,P
FOOD10002,3316,997,2,Main,FOOD,Coffee Connection,Coffee,P
CONF18502,1579,2536,2,Main,CONF,Conference Center,CONF,P
CONF12002,2745,750,2,Main,CONF,Louis Bornstein Family Amphitheater,CONF,P
CONF10001,3251,758,1,Main,CONF,Mid Campus Reflection Room,CONF,P
CONF19003,1529,2071,3,Main,CONF,Shapiro 3080 Reflection Room,CONF,P
BCONF00102,2141,1010,2,Main,CONF,Duncan Reid Conference Room,Conf B0102,P
CCONF001-1,2255,849,-1,Main,CONF,Anesthesia Conference Room,Conf C001L1,P
CCONF002-1,2666,1012,-1,Main,CONF,Medical Records Conference Room,Conf C002L1,P
CCONF003-1,2465,1244,-1,Main,CONF,Abrams Conference Room,Conf C003L1,P
DCONF00102,4593,545,2,Main,CONF,Carrie M. Hall Conference Center,Conference Center,P
GLABS015-2,1537,1813,-2,Main,LAB,CVRR,CVRR,P
IDEPT00103,2323,1328,3,Main,DEPT,Center for Infertility and Reproductive Surgery,D1,P
IDEPT00203,2448,1328,3,Main,DEPT,Gynecology Oncology MIGS,D2,P
IDEPT00303,2730,1315,3,Main,DEPT,General Surgical Specialties Suite A,D3,P
IDEPT00403,2738,1228,3,Main,DEPT,General Surgical Specialties Suite B,D4,P
IDEPT00503,2925,1076,3,Main,DEPT,Urology,D5,P
IDEPT00603,2333,764,3,Main,DEPT,Maternal Fetal Practice,D6,P
IDEPT00703,2400,764,3,Main,DEPT,Obstetrics,D7,P
IDEPT00803,2492,887,3,Main,DEPT,Fetal Med & Genetics,D8,P
IDEPT00903,2632,851,3,Main,DEPT,Gynecology,D9,P
CDEPT002-1,1978,821,-1,Main,DEPT,Day Surgery Family Waiting,Department C002L1,P
CDEPT003-1,1845,819,-1,Main,DEPT,Day Surgery Family Waiting Exit,Department C003L1,P
CDEPT004-1,2309,1024,-1,Main,DEPT,Medical Records Film Library,Department C004L1,P
BDEPT00102,2255,786,2,Main,DEPT,Comprehensive Breast Heath,DEPT B0102,P
BDEPT00202,2175,1054,2,Main,DEPT,Oral Medicine and Dentistry,DEPT B0202,P
BDEPT00302,2388,762,2,Main,DEPT,Lee Bell Breast Center,DEPT B0302,P
BDEPT00402,2436,930,2,Main,DEPT,Jen Center for Primary Care,DEPT B0402,P
BDEPT00502,2612,1033,2,Main,DEPT,Ear Nose & Throat,DEPT B0502,P
BDEPT00702,2969,770,2,Main,DEPT,Plastic Surgery,DEPT B0702,P
BDEPT00802,3158,866,2,Main,DEPT,Outpatient Pharmacy,DEPT B0802,P
BDEPT00902,3268,855,2,Main,DEPT,Weiner Center for Preoperative Evaluation,DEPT B0902,P
HDEPT00103,1689,984,3,Main,DEPT,Dialysis Waiting Room,Dialysis WR,P
WELEV10101,1814,896,1,Main,ELEV,Elevator W,ELEV,P
ELEV10502,3075,934,2,Main,ELEV,Elevator 45 Lobby,ELEV,P
ELEV96100,1647,2128,1,Main,ELEV,Elevator U,ELEV,P
ELEV90003,1628,2107,3,Main,ELEV,Elevator Q,ELEV,P
GELEV00101,1646,1929,1,Main,ELEV,Elevator Shapiro 1,ELEV,P
ELEV10002,3740,2249,2,Main,ELEV,Elevator T,ELEV,P
ELEV77702,1806,892,2,Main,ELEV,Elevator Tower F2,ELEV,P
ELEV10003,2326,806,3,Main,ELEV,Elevator J,ELEVATOR,P
MELEV07102,1829,1318,2,Main,ELEV,Elevator M,Elevator,P
DELEV00A02,4545,367,2,Main,ELEV,Elevator A,Elevator A2,P
DELEV00B02,4097,663,2,Main,ELEV,Elevator B,Elevator B2,P
DELEV00C02,3951,897,2,Main,ELEV,Elevator C,Elevator C2,P
DELEV00D02,3475,760,2,Main,ELEV,Elevator D,Elevator D2,P
WELEV00E02,3232,861,2,Main,ELEV,Elevator E,Elevator E2,P
WELEV00F01,3054,949,1,Main,ELEV,Elevator F,Elevator F1,P
WELEV00G01,2927,868,1,Main,ELEV,Elevator G,Elevator G1,P
WELEV00G02,2919,869,2,Main,ELEV,Elevator G,Elevator G2,P
WELEV00H01,2736,1070,1,Main,ELEV,Elevator H,Elevator H1,P
WELEV00H02,2730,1098,2,Main,ELEV,Elevator H,Elevator H2,P
WELEV00H03,2716,1106,3,Main,ELEV,Elevator H,Elevator H3,P
WELEV00H-1,2715,1095,-1,Main,ELEV,Elevator H,Elevator HL1,P
WELEV00J01,2353,808,1,Main,ELEV,Elevator J,Elevator J1,P
WELEV00J02,2423,803,2,Main,ELEV,Elevator J,Elevator J2,P
WELEV00J-1,2360,799,-1,Main,ELEV,Elevator J,Elevator JL1,P
WELEV00J-2,2361,804,-2,Main,ELEV,Elevator J,Elevator JL2,P
WELEV00K01,2214,984,1,Main,ELEV,Elevator K,Elevator K1,P
WELEV00K02,2209,960,2,Main,ELEV,Elevator K,Elevator K2,P
WELEV00K03,2195,984,3,Main,ELEV,Elevator K,Elevator K3,P
WELEV00K-1,2194,977,-1,Main,ELEV,Elevator K,Elevator KL1,P
WELEV00K-2,2188,976,-2,Main,ELEV,Elevator K,Elevator KL2,P
WELEV00L02,1804,922,2,Main,ELEV,Elevator L,Elevator L2,P
WELEV00L03,1790,925,3,Main,ELEV,Elevator L,Elevator L3,P
WELEV00L-1,1788,897,-1,Main,ELEV,Elevator L,Elevator LL1,P
WELEV00L-2,1785,924,-2,Main,ELEV,Elevator L,Elevator LL2,P
WELEV00M01,1845,1311,1,Main,ELEV,Elevator M,Elevator M1,P
WELEV00M03,1815,1313,3,Main,ELEV,Elevator M,Elevator M3,P
WELEV00M-1,1817,1310,-1,Main,ELEV,Elevator M,Elevator ML1,P
WELEV00M-2,1819,1308,-2,Main,ELEV,Elevator M,Elevator ML2,P
GELEV00N02,1628,1897,2,Main,ELEV,Elevator N,Elevator N Floor 1,P
GELEV00N03,1629,1914,3,Main,ELEV,Elevator N,Elevator N Floor 3,P
GELEV00Q01,1568,2118,1,Main,ELEV,Elevator Q,Elevator Q Floor 1,P
GELEV00Q02,1628,2121,2,Main,ELEV,Elevator Q,Elevator Q Floor 2,P
GELEV00Q-1,1624,2118,-1,Main,ELEV,Elevator Q,Elevator Q L1,P
GELEV00Q-2,1624,2122,-2,Main,ELEV,Elevator Q,Elevator Q L2,P
AELEV00S01,1532,2777,1,Main,ELEV,Elevator S,Elevator S 1,P
AELEV00S02,1503,2776,2,Main,ELEV,Elevator S,Elevator S 2,P
AELEV00S03,1539,2773,3,Main,ELEV,Elevator S,Elevator S 3,P
AELEV00S00,1523,2763,0,Main,ELEV,Elevator S,Elevator S G,P
AELEV00S-2,1628,2743,-2,Main,ELEV,Elevator S,Elevator S L2,P
FDEPT00501,2144,1305,1,Main,DEPT,Emergency Department,Emergency,P
FEXIT00301,2099,1360,1,Main,EXIT,Emergency Department Entrance,Emergency Entrance,P
HDEPT00102,2058,1320,2,Main,DEPT,Endoscopy,Endoscopy,P
HSTAI00302,1807,1230,2,Main,STAI,Escalator 1,Escalator 1,P
AEXIT00100,1678,2460,0,Main,EXIT,Fenwood Road,Fenwood Road,P
GEXIT001-1,1702,2260,-1,Main,EXIT,Fenwood Road Exit,Fenwood Road EntranceExit L1,P
DEPT10002,3741,2350,2,Main,DEPT,Flexible Workspace,FLEX,P
XELEV00803,3746,2255,3,Main,ELEV,Elevator T,Flex Elevator,P
EXIT10002,3867,1930,2,Main,EXIT,Flexible Workspace Exit,FLEXEXIT,P
GSTAI02802,1687,1997,2,Main,STAI,Staircase,Floor 2 Stairs Lower,P
GSTAI02602,1683,1877,2,Main,STAI,Staircase,Floor 2 Stairs Upper,P
GSTAI00903,1687,2025,3,Main,STAI,Staircase,Floor 3 Stairs,P
GEXIT00101,1750,1826,1,Main,EXIT,Francis Street Exit,Francis Street Exit Floor 1,P
HRETL00102,1941,861,2,Main,RETL,Garden Cafe,Garden Cafe,P
HRETL00302,1826,1080,2,Main,RETL,Gift Shop Tower,Gift Shop,P
AHALL003-2,1695,2745,-2,Main,HALL,Hall,Hall,P
AHALL004-2,1695,2684,-2,Main,HALL,Hall,Hall,P
AHALL00100,1677,2530,0,Main,HALL,Hall,Hall,P
AHALL00200,1623,2531,0,Main,HALL,Hall,Hall,P
AHALL00500,1713,2558,0,Main,HALL,Hall,Hall,P
AHALL00600,1603,2570,0,Main,HALL,Hall,Hall,P
AHALL00700,1712,2647,0,Main,HALL,Hall,Hall,P
AHALL00800,1605,2710,0,Main,HALL,Hall,Hall,P
AHALL00900,1524,2726,0,Main,HALL,Hall,Hall,P
AHALL01100,1598,2822,0,Main,HALL,Hall,Hall,P
AHALL01300,1551,2538,0,Main,HALL,Hall,Hall,P
AHALL01400,1598,2724,0,Main,HALL,Hall,Hall,P
AHALL01500,1602,2537,0,Main,HALL,Hall,Hall,P
AHALL00101,1611,2568,1,Main,HALL,Hall,Hall,P
AHALL00401,1427,2737,1,Main,HALL,Hall,Hall,P
AHALL00501,1427,2863,1,Main,HALL,Hall,Hall,P
AHALL00601,1707,2862,1,Main,HALL,Hall,Hall,P
AHALL00701,1001,2862,1,Main,HALL,Hall,Hall,P
AHALL00901,1557,2567,1,Main,HALL,Hall,Hall,P
AHALL00102,1586,2560,2,Main,HALL,Hall,Hall,P
AHALL00202,1590,2590,2,Main,HALL,Hall,Hall,P
AHALL00302,1590,2745,2,Main,HALL,Hall,Hall,P
AHALL00402,1504,2746,2,Main,HALL,Hall,Hall,P
AHALL00502,1398,2745,2,Main,HALL,Hall,Hall,P
AHALL00602,1687,2545,2,Main,HALL,Hall,Hall,P
AHALL00103,1539,2732,3,Main,HALL,Hall,Hall,P
AHALL00203,1600,2732,3,Main,HALL,Hall,Hall,P
AHALL00303,1651,2732,3,Main,HALL,Hall,Hall,P
AHALL00403,1651,2766,3,Main,HALL,Hall,Hall,P
AHALL00503,1651,2854,3,Main,HALL,Hall,Hall,P
AHALL01501,1533,2737,1,Main,HALL,Hall,Hall,P
AHALL01601,1611,2737,1,Main,HALL,Hall,Hall,P
FHALL010001,2120,1333,1,Main,HALL,Hall,Hall,P
FHALL10101,1645,1280,1,Main,HALL,HALL,HALL,P
HALL11001,2026,929,1,Main,HALL,HALL,HALL,P
HALL11101,2002,875,1,Main,HALL,HALL,HALL,P
HALL11201,2041,929,1,Main,HALL,HALL,HALL,P
HALL11301,2185,911,1,Main,HALL,HALL,HALL,P
HALL11401,2240,984,1,Main,HALL,HALL,HALL,P
HALL11501,2275,825,1,Main,HALL,HALL,HALL,P
HALL11701,2791,1288,1,Main,HALL,HALL,HALL,P
HALL12001,2988,981,1,Main,HALL,HALL,HALL,P
HALL12101,3054,981,1,Main,HALL,HALL,HALL,P
HALL12301,2952,866,1,Main,HALL,HALL,HALL,P
HALL15001,3101,892,1,Main,HALL,HALL,HALL,P
HALL015101,3267,844,1,Main,HALL,HALL,HALL,P
HALL10002,3741,2313,2,Main,HALL,HALL,HALL,P
HALL10102,3823,2313,2,Main,HALL,HALL,HALL,P
HALL10302,3834,1988,2,Main,HALL,HALL,HALL,P
HALL10502,3906,1908,2,Main,HALL,HALL,HALL,P
HALL11002,3171,1133,2,Main,HALL,HALL,HALL,P
HALL11102,3060,1132,2,Main,HALL,HALL,HALL,P
HALL12002,3076,964,2,Main,HALL,HALL,HALL,P
HALL112502,3111,965,2,Main,HALL,Hall,Hall,P
HALL13002,3136,963,2,Main,HALL,HALL,HALL,P
HALL13502,3136,945,2,Main,HALL,HALL,HALL,P
HALL14002,3290,996,2,Main,HALL,HALL,HALL,P
HALL14502,3290,1040,2,Main,HALL,HALL,HALL,P
HALL15502,3157,888,2,Main,HALL,HALL,HALL,P
HALL16002,3193,886,2,Main,HALL,HALL,HALL,P
HALL16502,3235,884,2,Main,HALL,HALL,HALL,P
HALL18002,2948,867,2,Main,HALL,HALL,HALL,P
HALL18502,2949,901,2,Main,HALL,HALL,HALL,P
HALL20002,2605,863,2,Main,HALL,HALL,HALL,P
HALL22002,2631,1011,2,Main,HALL,HALL,HALL,P
HALL30002,2730,1066,2,Main,HALL,HALL,HALL,P
HALL30502,2679,1067,2,Main,HALL,HALL,HALL,P
HALL31002,2980,963,2,Main,HALL,HALL,HALL,P
HALL31502,2782,1141,2,Main,HALL,HALL,HALL,P
HALL40205,2553,1322,2,Main,HALL,HALL,HALL,P
HALL40905,2554,1390,2,Main,HALL,HALL,HALL,P
HALL50002,2236,960,2,Main,HALL,HALL,HALL,P
HALL51002,2276,823,2,Main,HALL,HALL,HALL,P
HALL58102,1607,1028,2,Main,HALL,HALL,HALL,P
HALL59102,1775,1025,2,Main,HALL,HALL,HALL,P
HALL49102,1828,1281,2,Main,HALL,HALL,HALL,P
HALL99902,1627,1931,2,Main,HALL,HALL,HALL,P
HALL60702,1683,1930,2,Main,HALL,HALL,HALL,P
HALL60902,1578,2153,2,Main,HALL,HALL,HALL,P
HALL61202,1629,2093,2,Main,HALL,HALL,HALL,P
HALL62302,1590,2775,2,Main,HALL,HALL,HALL,P
HALL71902,3262,881,2,Main,HALL,HALL,HALL,P
HALL75902,2945,829,2,Main,HALL,HALL,HALL,P
HALL10003,2362,806,3,Main,HALL,HALL,HALL,P
HALL14503,1580,1913,3,Main,HALL,HALL,HALL,P
HALL34503,1580,2143,3,Main,HALL,HALL,HALL,P
HALL99103,1628,2143,3,Main,HALL,HALL,HALL,P
HALL79102,1812,930,1,Main,HALL,HALL,HALL,P
HALL87901,2790,1163,1,Main,HALL,HALL,HALL,P
HALL64902,2387,804,2,Main,HALL,HALL,HALL,P
HALL69802,2435,903,2,Main,HALL,HALL,HALL,P
HALL20902,2222,932,3,Main,HALL,HALL,HALL,P
HALL349-2,1512,1812,-2,Main,HALL,HALL,HALL,P
HALL139-2,1512,1848,-2,Main,HALL,HALL,HALL,P
HALL789-2,1726,2089,-2,Main,HALL,HALL,HALL,P
HALL678-2,1680,2089,-2,Main,HALL,HALL,HALL,P
HALL901-2,1819,1281,-2,Main,HALL,HALL,HALL,P
HALL911-2,1915,1279,-2,Main,HALL,HALL,HALL,P
HALL615-2,2068,1281,-2,Main,HALL,HALL,HALL,P
HALL801-2,2220,1281,-2,Main,HALL,HALL,HALL,P
HALL803-2,2220,976,-2,Main,HALL,HALL,HALL,P
HALL805-2,2294,881,-2,Main,HALL,HALL,HALL,P
HALL809-2,2317,853,-2,Main,HALL,HALL,HALL,P
HALL200-1,1816,1284,-1,Main,HALL,HALL,HALL,P
HALL201-1,2066,1283,-1,Main,HALL,HALL,HALL,P
HALL203-1,1963,1283,-1,Main,HALL,HALL,HALL,P
HALL210-1,2216,976,-1,Main,HALL,HALL,HALL,P
HALL211-1,2183,908,-1,Main,HALL,HALL,HALL,P
HALL215-1,2297,878,-1,Main,HALL,HALL,HALL,P
HALL220-1,2308,1048,-1,Main,HALL,HALL,HALL,P
HALL225-1,2491,1046,-1,Main,HALL,HALL,HALL,P
HALL235-1,2443,1246,-1,Main,HALL,HALL,HALL,P
HALL240-1,2666,1036,-1,Main,HALL,HALL,HALL,P
HALL243-1,2714,1070,-1,Main,HALL,HALL,HALL,P
HALL251-1,2771,1159,-1,Main,HALL,HALL,HALL,P
HALL252-1,2770,1282,-1,Main,HALL,HALL,HALL,P
HALL255-1,2284,1284,-1,Main,HALL,HALL,HALL,P
HALL260-1,2324,1283,-1,Main,HALL,HALL,HALL,P
HALL273-1,1733,1020,-1,Main,HALL,HALL,HALL,P
HALL301-1,1747,1086,-1,Main,HALL,HALL,HALL,P
HALL311-1,1740,1038,-1,Main,HALL,HALL,HALL,P
HALL399-1,1788,923,-1,Main,HALL,HALL,HALL,P
HALL401-1,1978,846,-1,Main,HALL,HALL,HALL,P
HALL415-1,1846,845,-1,Main,HALL,HALL,HALL,P
HALL10000,1605,2648,0,Main,HALL,HALL,HALL,P
HALL10100,1684,2688,0,Main,HALL,HALL,HALL,P
HALL71101,2401,807,1,Main,HALL,HALL,HALL,P
GHALL01002,1340,1820,2,Main,HALL,HALL,HALL,P
GHALL01702,1579,1819,2,Main,HALL,HALL,HALL,P
GHALL01802,1627,1819,2,Main,HALL,HALL,HALL,P
GHALL02002,1684,1820,2,Main,HALL,HALL,HALL,P
GHALL02202,1721,1819,2,Main,HALL,HALL,HALL,P
GHALL02702,1723,1929,2,Main,HALL,HALL,HALL,P
GHALL03002,1578,2091,2,Main,HALL,HALL,HALL,P
GHALL03202,1687,2091,2,Main,HALL,HALL,HALL,P
GHALL03402,1722,2090,2,Main,HALL,HALL,HALL,P
GHALL03602,1579,2213,2,Main,HALL,HALL,HALL,P
GHALL03702,1687,2210,2,Main,HALL,HALL,HALL,P
GHALL03802,1721,2210,2,Main,HALL,HALL,HALL,P
AHALL00603,1582,2854,3,Main,HALL,HALL,HALL,P
DHALL00102,4763,1123,2,Main,HALL,HALL,HALL,P
CHALL001-1,1733,923,-1,Main,HALL,HALL,HALL,P
DHALL01002,4625,649,2,Main,HALL,HALL,HALL,P
CHALL010-1,2264,906,-1,Main,HALL,HALL,HALL,P
CHALL010-2,2127,848,-2,Main,HALL,HALL,HALL,P
DHALL01102,4604,655,2,Main,HALL,HALL,HALL,P
CHALL011-1,2360,849,-1,Main,HALL,HALL,HALL,P
DHALL01202,4570,552,2,Main,HALL,HALL,HALL,P
CHALL012-1,2130,907,-1,Main,HALL,HALL,HALL,P
DHALL01302,4545,460,2,Main,HALL,HALL,HALL,P
CHALL013-1,2130,845,-1,Main,HALL,HALL,HALL,P
DHALL01402,4570,452,2,Main,HALL,HALL,HALL,P
CHALL014-1,1846,924,-1,Main,HALL,HALL,HALL,P
DHALL01502,4553,391,2,Main,HALL,HALL,HALL,P
CHALL015-1,2300,848,-1,Main,HALL,HALL,HALL,P
DHALL01602,4482,577,2,Main,HALL,HALL,HALL,P
DHALL01702,4391,606,2,Main,HALL,HALL,HALL,P
DHALL01802,4385,585,2,Main,HALL,HALL,HALL,P
DHALL01902,4325,626,2,Main,HALL,HALL,HALL,P
DHALL00202,4750,1080,2,Main,HALL,HALL,HALL,P
CHALL002-1,2442,1047,-1,Main,HALL,HALL,HALL,P
CHALL002-2,2270,904,-2,Main,HALL,HALL,HALL,P
DHALL02202,4280,473,2,Main,HALL,HALL,HALL,P
DHALL02302,4272,440,2,Main,HALL,HALL,HALL,P
DHALL02602,4265,645,2,Main,HALL,HALL,HALL,P
DHALL02702,4285,715,2,Main,HALL,HALL,HALL,P
DHALL02802,4211,660,2,Main,HALL,HALL,HALL,P
DHALL02902,4178,670,2,Main,HALL,HALL,HALL,P
DHALL00302,4725,995,2,Main,HALL,HALL,HALL,P
CHALL003-1,2443,1284,-1,Main,HALL,HALL,HALL,P
CHALL003-2,2220,909,-2,Main,HALL,HALL,HALL,P
DHALL03002,4136,680,2,Main,HALL,HALL,HALL,P
DHALL03102,4130,656,2,Main,HALL,HALL,HALL,P
DHALL03202,4020,715,2,Main,HALL,HALL,HALL,P
DHALL03302,4000,645,2,Main,HALL,HALL,HALL,P
DHALL03402,3926,738,2,Main,HALL,HALL,HALL,P
DHALL03502,3945,794,2,Main,HALL,HALL,HALL,P
DHALL03702,3961,850,2,Main,HALL,HALL,HALL,P
DHALL03802,3973,888,2,Main,HALL,HALL,HALL,P
DHALL00402,4785,975,2,Main,HALL,HALL,HALL,P
CHALL004-1,2772,1071,-1,Main,HALL,HALL,HALL,P
CHALL004-2,2127,910,-2,Main,HALL,HALL,HALL,P
DHALL04002,3914,701,2,Main,HALL,HALL,HALL,P
DHALL04302,3865,750,2,Main,HALL,HALL,HALL,P
DHALL04602,3825,760,2,Main,HALL,HALL,HALL,P
DHALL04702,3744,780,2,Main,HALL,HALL,HALL,P
DHALL04802,3656,802,2,Main,HALL,HALL,HALL,P
DHALL00502,4705,925,2,Main,HALL,HALL,HALL,P
CHALL005-1,1749,1283,-1,Main,HALL,HALL,HALL,P
CHALL005-2,1744,1280,-2,Main,HALL,HALL,HALL,P
DHALL05002,3643,806,2,Main,HALL,HALL,HALL,P
DHALL05102,3575,825,2,Main,HALL,HALL,HALL,P
DHALL05202,3556,749,2,Main,HALL,HALL,HALL,P
DHALL05302,3515,840,2,Main,HALL,HALL,HALL,P
DHALL05402,3490,844,2,Main,HALL,HALL,HALL,P
DHALL05502,3451,850,2,Main,HALL,HALL,HALL,P
DHALL05602,3440,800,2,Main,HALL,HALL,HALL,P
DHALL05702,3480,791,2,Main,HALL,HALL,HALL,P
DHALL05902,3421,857,2,Main,HALL,HALL,HALL,P
DHALL00602,4689,870,2,Main,HALL,HALL,HALL,P
CHALL006-1,2130,1284,-1,Main,HALL,HALL,HALL,P
CHALL006-2,1745,1009,-2,Main,HALL,HALL,HALL,P
DHALL06002,4301,548,2,Main,HALL,HALL,HALL,P
DHALL00702,4675,821,2,Main,HALL,HALL,HALL,P
CHALL007-1,2130,1048,-1,Main,HALL,HALL,HALL,P
CHALL007-2,1731,1009,-2,Main,HALL,HALL,HALL,P
DHALL00802,4660,770,2,Main,HALL,HALL,HALL,P
CHALL008-1,2215,1047,-1,Main,HALL,HALL,HALL,P
CHALL008-2,1730,924,-2,Main,HALL,HALL,HALL,P
DHALL00902,4634,680,2,Main,HALL,HALL,HALL,P
CHALL009-1,2216,907,-1,Main,HALL,HALL,HALL,P
CHALL009-2,1730,849,-2,Main,HALL,HALL,HALL,P
HHALL00102,1866,923,2,Main,HALL,HALL,HALL,P
HHALL00103,1325,655,3,Main,HALL,HALL,HALL,P
WHALL00102,3349,870,2,Main,HALL,HALL,HALL,P
WHALL00103,1815,1289,3,Main,HALL,HALL,HALL,P
WHALL001-2,1744,1388,-2,Main,HALL,HALL,HALL,P
HHALL01002,2058,1281,2,Main,HALL,HALL,HALL,P
HHALL01003,1785,820,3,Main,HALL,HALL,HALL,P
WHALL01002,1690,2455,2,Main,HALL,HALL,HALL,P
HHALL01103,1690,820,3,Main,HALL,HALL,HALL,P
HHALL01203,1600,820,3,Main,HALL,HALL,HALL,P
HHALL01303,1600,1030,3,Main,HALL,HALL,HALL,P
HHALL01403,1735,1031,3,Main,HALL,HALL,HALL,P
HHALL01503,1735,985,3,Main,HALL,HALL,HALL,P
HHALL00202,1954,899,2,Main,HALL,HALL,HALL,P
HHALL00203,1235,986,3,Main,HALL,HALL,HALL,P
WHALL00203,2080,1290,3,Main,HALL,HALL,HALL,P
WHALL002-2,1745,1539,-2,Main,HALL,HALL,HALL,P
HHALL00302,2052,900,2,Main,HALL,HALL,HALL,P
HHALL00303,1321,986,3,Main,HALL,HALL,HALL,P
WHALL00302,2086,900,2,Main,HALL,HALL,HALL,P
HHALL00402,1864,1001,2,Main,HALL,HALL,HALL,P
HHALL00403,1325,1290,3,Main,HALL,HALL,HALL,P
WHALL00402,2177,901,2,Main,HALL,HALL,HALL,P
HHALL00502,1825,1025,2,Main,HALL,HALL,HALL,P
HHALL00503,1680,1290,3,Main,HALL,HALL,HALL,P
WHALL00502,2197,1282,2,Main,HALL,HALL,HALL,P
HHALL00602,1775,1080,2,Main,HALL,HALL,HALL,P
HHALL00603,1735,925,3,Main,HALL,HALL,HALL,P
HHALL00702,1740,1164,2,Main,HALL,HALL,HALL,P
WHALL00702,1740,1500,2,Main,HALL,HALL,HALL,P
HHALL00802,1740,1230,2,Main,HALL,HALL,HALL,P
HHALL00803,1734,865,3,Main,HALL,HALL,HALL,P
WHALL00802,1720,1745,2,Main,HALL,HALL,HALL,P
HHALL00902,1739,1280,2,Main,HALL,HALL,HALL,P
HHALL00903,1735,821,3,Main,HALL,HALL,HALL,P
WHALL00902,1686,2240,2,Main,HALL,HALL,HALL,P
AHALL002-2,1694,2775,-2,Main,HALL,HALL,HALL,P
BHALL00102,2235,901,2,Main,HALL,HALL,HALL,P
BHALL01002,2710,902,2,Main,HALL,HALL,HALL,P
BHALL01102,2912,903,2,Main,HALL,HALL,HALL,P
BHALL01302,3136,890,2,Main,HALL,HALL,HALL,P
BHALL01402,3291,881,2,Main,HALL,HALL,HALL,P
BHALL01602,2721,751,2,Main,HALL,HALL,HALL,P
BHALL01702,2944,769,2,Main,HALL,HALL,HALL,P
BHALL01802,2605,958,2,Main,HALL,HALL,HALL,P
BHALL01902,2678,1033,2,Main,HALL,HALL,HALL,P
BHALL00202,2275,901,2,Main,HALL,HALL,HALL,P
BHALL02002,2760,1035,2,Main,HALL,HALL,HALL,P
BHALL02102,2840,1032,2,Main,HALL,HALL,HALL,P
BHALL02202,2900,985,2,Main,HALL,HALL,HALL,P
BHALL02302,2912,963,2,Main,HALL,HALL,HALL,P
BHALL02502,3163,945,2,Main,HALL,HALL,HALL,P
BHALL02602,3291,945,2,Main,HALL,HALL,HALL,P
BHALL02802,3058,1043,2,Main,HALL,HALL,HALL,P
BHALL02902,2782,1091,2,Main,HALL,HALL,HALL,P
BHALL00302,2234,1028,2,Main,HALL,HALL,HALL,P
BHALL03002,2781,1162,2,Main,HALL,HALL,HALL,P
BHALL03102,2553,1281,2,Main,HALL,HALL,HALL,P
BHALL03302,2782,1280,2,Main,HALL,HALL,HALL,P
BHALL03402,2175,1028,2,Main,HALL,HALL,HALL,P
BHALL03502,2246,1028,2,Main,HALL,HALL,HALL,P
BHALL03602,2279,762,2,Main,HALL,HALL,HALL,P
BHALL03702,2329,630,2,Main,HALL,HALL,HALL,P
BHALL03802,2276,786,2,Main,HALL,HALL,HALL,P
BHALL00402,2245,1281,2,Main,HALL,HALL,HALL,P
BHALL04202,2761,1067,2,Main,HALL,HALL,HALL,P
BHALL04302,2782,1067,2,Main,HALL,HALL,HALL,P
BHALL04402,3059,965,2,Main,HALL,HALL,HALL,P
BHALL00502,2385,902,2,Main,HALL,HALL,HALL,P
BHALL00602,2605,903,2,Main,HALL,HALL,HALL,P
BHALL00702,2672,902,2,Main,HALL,HALL,HALL,P
BHALL00802,2605,783,2,Main,HALL,HALL,HALL,P
BHALL00902,2329,590,2,Main,HALL,HALL,HALL,P
CHALL001-2,2361,853,-2,Main,HALL,HALL,HALL,P
FHALL02201,1769,1281,1,Main,HALL,HALL,HALL,P
GHALL001-2,1730,1584,-2,Main,HALL,HALL,HALL,P
GHALL01001,1646,2159,1,Main,HALL,HALL,HALL,P
GHALL010-2,1550,2031,-2,Main,HALL,HALL,HALL,P
GHALL011-2,1550,1966,-2,Main,HALL,HALL,HALL,P
GHALL012-2,1512,1966,-2,Main,HALL,HALL,HALL,P
GHALL013-2,1513,1914,-2,Main,HALL,HALL,HALL,P
GHALL01401,1749,2162,1,Main,HALL,HALL,HALL,P
GHALL016-2,1512,1701,-2,Main,HALL,HALL,HALL,P
GHALL01701,1568,2092,1,Main,HALL,HALL,HALL,P
GHALL017-2,1512,1539,-2,Main,HALL,HALL,HALL,P
GHALL002-1,1722,2162,-1,Main,HALL,HALL,HALL,P
GHALL02101,1599,1827,1,Main,HALL,HALL,HALL,P
GHALL02201,1599,1879,1,Main,HALL,HALL,HALL,P
GHALL02801,1268,1827,1,Main,HALL,HALL,HALL,P
GHALL003-1,1672,2162,-1,Main,HALL,HALL,HALL,P
GHALL03401,1269,1858,1,Main,HALL,HALL,HALL,P
GHALL004-1,1701,2204,-1,Main,HALL,HALL,HALL,P
GHALL04001,1599,1928,1,Main,HALL,HALL,HALL,P
GHALL005-2,1625,2089,-2,Main,HALL,HALL,HALL,P
GHALL00601,1707,2014,1,Main,HALL,HALL,HALL,P
GHALL006-1,1625,2163,-1,Main,HALL,HALL,HALL,P
GHALL00701,1707,2091,1,Main,HALL,HALL,HALL,P
GHALL007-2,1575,2090,-2,Main,HALL,HALL,HALL,P
GHALL00801,1707,2161,1,Main,HALL,HALL,HALL,P
GHALL00901,1676,2160,1,Main,HALL,HALL,HALL,P
GHALL009-2,1575,2031,-2,Main,HALL,HALL,HALL,P
IHALL00103,2255,1290,3,Main,HALL,HALL,HALL,P
EHALL00301,2240,910,1,Main,HALL,HALL,HALL,P
IHALL01003,2772,1075,3,Main,HALL,HALL,HALL,P
EHALL01201,2610,954,1,Main,HALL,HALL,HALL,P
GHALL01003,1580,2070,3,Main,HALL,HALL,HALL,P
EHALL01301,2657,955,1,Main,HALL,HALL,HALL,P
GHALL01103,1628,2070,3,Main,HALL,HALL,HALL,P
IHALL01203,2221,1034,3,Main,HALL,HALL,HALL,P
EHALL01401,2660,979,1,Main,HALL,HALL,HALL,P
IHALL01303,2323,1034,3,Main,HALL,HALL,HALL,P
EHALL01501,2675,910,1,Main,HALL,HALL,HALL,P
GHALL01303,1580,2006,3,Main,HALL,HALL,HALL,P
IHALL01403,2323,993,3,Main,HALL,HALL,HALL,P
EHALL01601,2910,910,1,Main,HALL,HALL,HALL,P
IHALL01503,2221,985,3,Main,HALL,HALL,HALL,P
IHALL01603,2252,851,3,Main,HALL,HALL,HALL,P
EHALL01801,2925,909,1,Main,HALL,HALL,HALL,P
IHALL01703,2323,851,3,Main,HALL,HALL,HALL,P
EHALL01901,2953,901,1,Main,HALL,HALL,HALL,P
IHALL01803,2362,851,3,Main,HALL,HALL,HALL,P
EHALL02001,2951,745,1,Main,HALL,HALL,HALL,P
IHALL01903,2492,851,3,Main,HALL,HALL,HALL,P
EHALL02101,3204,885,1,Main,HALL,HALL,HALL,P
IHALL00203,2323,1290,3,Main,HALL,HALL,HALL,P
EHALL00401,2275,911,1,Main,HALL,HALL,HALL,P
IHALL02003,2597,851,3,Main,HALL,HALL,HALL,P
EHALL02201,3273,876,1,Main,HALL,HALL,HALL,P
IHALL02203,2362,764,3,Main,HALL,HALL,HALL,P
EHALL02401,2770,1010,1,Main,HALL,HALL,HALL,P
EHALL02501,2925,980,1,Main,HALL,HALL,HALL,P
EHALL02901,2770,1069,1,Main,HALL,HALL,HALL,P
EHALL03001,2789,1070,1,Main,HALL,HALL,HALL,P
EHALL03101,2790,1381,1,Main,HALL,HALL,HALL,P
IHALL00303,2448,1290,3,Main,HALL,HALL,HALL,P
EHALL00501,2292,911,1,Main,HALL,HALL,HALL,P
EHALL03201,2670,1380,1,Main,HALL,HALL,HALL,P
EHALL03301,2604,1380,1,Main,HALL,HALL,HALL,P
IHALL00403,2570,1290,3,Main,HALL,HALL,HALL,P
EHALL00601,2402,910,1,Main,HALL,HALL,HALL,P
IHALL00503,2731,1290,3,Main,HALL,HALL,HALL,P
EHALL00701,2402,860,1,Main,HALL,HALL,HALL,P
IHALL00603,2772,1290,3,Main,HALL,HALL,HALL,P
EHALL00801,2460,910,1,Main,HALL,HALL,HALL,P
GHALL00603,1685,2143,3,Main,HALL,HALL,HALL,P
IHALL00703,2772,1227,3,Main,HALL,HALL,HALL,P
EHALL00901,2585,910,1,Main,HALL,HALL,HALL,P
IHALL00803,2771,1147,3,Main,HALL,HALL,HALL,P
IHALL00903,2716,1074,3,Main,HALL,HALL,HALL,P
EHALL01101,2610,910,1,Main,HALL,HALL,HALL,P
AHALL001-2,1628,2775,-2,Main,HALL,HALL,HALL,P
FHALL00201,2040,910,1,Main,HALL,Lobby Shattuck Street,Hallway F00201,P
FHALL00301,2001,929,1,Main,HALL,Shattuck Street Lobby 1,Hallway F00301,P
FHALL00401,1970,930,1,Main,HALL,Shattuck Street Lobby 2,Hallway F00401,P
FHALL00501,1940,930,1,Main,HALL,Shattuck Street Lobby 3,Hallway F00501,P
FHALL00701,1758,929,1,Main,HALL,Tower Elevator Entrance,Hallway F00701,P
FHALL00801,1758,850,1,Main,HALL,Tower Hallway 1,Hallway F00801,P
FHALL00901,1627,850,1,Main,HALL,Tower Hallway 2,Hallway F00901,P
FHALL01001,1626,801,1,Main,HALL,Tower Hallway 3,Hallway F01001,P
FHALL01101,1627,930,1,Main,HALL,Tower Hallway 4,Hallway F01101,P
FHALL01301,1627,825,1,Main,HALL,Tower Hallway 5,Hallway F01301,P
FHALL01401,1627,1029,1,Main,HALL,Tower Hallway 6,Hallway F01401,P
FHALL01501,1628,1060,1,Main,HALL,Tower Hallway 7,Hallway F01501,P
FHALL01601,1758,1060,1,Main,HALL,Tower Hallway 8,Hallway F01601,P
FHALL01701,1721,956,1,Main,HALL,Tower Hallway 9,Hallway F01701,P
FHALL01801,1757,956,1,Main,HALL,Tower Hallway 10,Hallway F01801,P
FHALL01901,1757,1120,1,Main,HALL,Tower Hallway 11,Hallway F01901,P
FHALL02001,1700,1120,1,Main,HALL,Tower Hallway 12,Hallway F02001,P
FHALL02301,1845,1281,1,Main,HALL,Lobby Hallway 1,Hallway F02301,P
FHALL02401,1965,1280,1,Main,HALL,Lobby Hallway 2,Hallway F02401,P
FHALL02501,1966,1240,1,Main,HALL,Lobby Hallway 3,Hallway F02501,P
FHALL02601,2026,1239,1,Main,HALL,Lobby Hallway 4,Hallway F02601,P
FHALL03001,1644,1246,1,Main,HALL,Lobby Hallway 5,Hallway F02701,P
FHALL02701,2058,1239,1,Main,HALL,Lobby Hallway 7,Hallway F02701,P
FHALL03101,2026,976,1,Main,HALL,Lobby Hallway 6,Hallway F02801,P
FHALL03201,1758,1029,1,Main,HALL,Tower Hallway 13,Hallway F03201,P
FHALL03301,2057,1290,1,Main,HALL,Emergency Hallway,Hallway F03301,P
FHALL02801,1748,1280,1,Main,HALL,Lobby Entrance Hallway,HallwayF02801,P
GREST03102,1630,2069,2,Main,REST,Restroom,Handicap Accesible Restrooms Shapiro Floor 2,P
BINFO00102,2981,941,2,Main,INFO,Information Desk,INFO B0102,P
AINFO00200,1698,2707,0,Main,INFO,Information Desk,Information,P
GINFO01902,1627,1837,2,Main,INFO,Shapiro Information Center,Information Center Shapiro Floor 2,P
DINFO00102,4200,624,2,Main,INFO,15 Francis Security Desk,Information Desk,P
ADEPT00200,1552,2822,0,Main,DEPT,Infusion Waiting Area ,Infusion Waiting Area,P
ALABS00103,1601,2693,3,Main,LAB,Innovation Hub,Innovation Hub,P
FDEPT00601,1780,1029,1,Main,DEPT,International Patient Center,IPC,P
FSERV00301,1700,1158,1,Main,SERV,Kessler Library,Kessler Library,P
GSTAI008-1,1723,2117,-1,Main,STAI,Staircase,L1 Stairs,P
CLABS001-1,1963,1257,-1,Main,LAB,Outpatient Fluoroscopy,Lab C001L1,P
CLABS001-2,2302,837,-2,Main,LAB,Radiation Oncology TX Suite,Lab C001L2,P
CLABS002-1,1721,1086,-1,Main,LAB,Pre-Op PACU,Lab C002L1,P
CLABS002-2,2248,1281,-2,Main,LAB,Radiation Oncology Lab,Lab C002L2,P
CLABS003-1,2281,1314,-1,Main,LAB,Nuclear Medicine,Lab C003L1,P
CLABS004-1,2325,1259,-1,Main,LAB,Ultrasound Lab,Lab C004L1,P
CLABS005-1,2794,1283,-1,Main,LAB,CSIR MRI Lab,Lab C005L1,P
BLABS00102,2246,1350,2,Main,LAB,Vascular Diagnostic Lab,Labs B0102,P
BLABS00202,2980,1004,2,Main,LAB,Outpatient Specimen Collection,Labs B0202,P
FSERV00101,1940,871,1,Main,SERV,Shattuck Street Lobby ATM,Lobby ATM,P
FSTAI00301,1920,1238,1,Main,STAI,Lobby Escalator,Lobby Escalator,P
FINFO00101,1700,1227,1,Main,INFO,75 Lobby Information Desk,Lobby Info Desk,P
DEPT15002,2782,1303,2,Main,DEPT,Medical Surgical Specialties,MED SUR SPEC,P
HDEPT00203,1690,838,3,Main,DEPT,MICU 3BC Waiting Room,MICU 3BC WR,P
DLABS00102,3831,782,2,Main,LAB,MRI Associates Lab,MRI Associates,P
ALABS001-2,1664,2685,-2,Main,LAB,MRI CT Scan Imaging,MRI CT Imaging,P
ADEPT00201,1717,2847,1,Main,DEPT,MS Waiting,MS Waiting,P
ADEPT00101,1414,2664,1,Main,DEPT,Neuroscience Waiting Room,Neuro Waiting Room,P
ADEPT00100,1521,2522,0,Main,DEPT,Neuro Testing Waiting Area ,Neuro Wating Area,P
GSTAI00501,1707,1972,1,Main,STAI,Staircase,Northbound Stairs Floor 2,P
HSERV00103,1754,865,3,Main,SERV,Nursing Room,Nursing Room,P
FLABS00101,1845,1250,1,Main,LAB,Obstetrics Admitting,Obs Admitting,P
EDEPT00301,3202,861,1,Main,DEPT,Ocupational Health Department,Ocupational 1,P
ADEPT00102,1359,2744,2,Main,DEPT,Orthopedics and Rhemutalogy,Orthopedics and Rhemutalogy,P
AEXIT001-2,1695,2797,-2,Main,EXIT,Parking Garage,Parking Garage L2,P
DRETL00102,4254,483,2,Main,RETL,Pats Place,Pats Place,P
IREST00103,2255,1255,3,Main,REST,Restroom,R1,P
IREST00203,2570,1257,3,Main,REST,Restroom,R2,P
IREST00303,2745,1147,3,Main,REST,Restroom,R3,P
IREST00503,2289,993,3,Main,REST,Restroom,R5,P
EDEPT00401,2790,1426,1,Main,DEPT,Rehabilitation Services,Rehab 1,P
HLABS00103,1234,865,3,Main,LAB,Reproductive Endocrine Labs,Reproductive Endocrine Labs,P
REST90002,1606,994,2,Main,REST,Restroom,REST,P
BREST00102,2175,999,2,Main,REST,Restroom,REST B0102,P
BREsT00202,2574,864,2,Main,REST,Restroom,REST B0202,P
BREST00302,2197,1250,2,Main,REST,Restroom,REST B0302,P
BREST00402,2578,1391,2,Main,REST,Restroom,REST B0402,P
BREST00502,2753,1139,2,Main,REST,Restroom,REST B0502,P
AREST00101,1557,2599,1,Main,REST,Restroom,Restroom,P
AREST00103,1550,2852,3,Main,REST,Restroom BTM Conference Center,Restroom,P
GREST00602,1285,1855,2,Main,REST,Restroom,Restroom 1 Shapiro Floor 2,P
DREST00102,4118,614,2,Main,REST,Restroom,Restroom B,P
DREST00202,3886,709,2,Main,REST,Restroom,Restroom C,P
CREST001-1,1699,1019,-1,Main,REST,Restroom,Restroom C001L1,P
CREST001-2,2320,904,-2,Main,REST,Restroom,Restroom C001L2,P
CREST002-1,2067,1247,-1,Main,REST,Restroom,Restroom C002L1,P
CREST002-2,1916,1250,-2,Main,REST,Restroom,Restroom C002L2,P
CREST003-1,2322,903,-1,Main,REST,Restroom,Restroom C003L1,P
CREST004-1,2736,1160,-1,Main,REST,Restroom,Restroom C004L1,P
DREST00302,3651,842,2,Main,REST,Restroom,Restroom C-D,P
DREST00402,3521,873,2,Main,REST,Restroom,Restroom D,P
EREST00201,2989,951,1,Main,REST,Restroom,Restroom F1,P
EREST00101,2949,712,1,Main,REST,Restroom,Restroom G1,P
EREST00301,2757,1164,1,Main,REST,Restroom,Restroom H1,P
GREST01201,1672,2016,1,Main,REST,Restroom,Restroom Shapiro Floor 1,P
GREST01203,1628,2052,3,Main,REST,Restroom,Restroom Shapiro Floor 3,P
GREST004-2,1680,2120,-2,Main,REST,Restroom,Restroom Shapiro L2,P
CRETL001-1,2183,878,-1,Main,RETL,Vending Machine,Retail C001L1,P
ASTAI00100,1657,2569,0,Main,STAI,Schlagler Stairs,Schlager Stairs,P
ACONF00100,1671,2647,0,Main,CONF,Schlagler Innovation Lobby,Schlagler Lobby,P
FSERV00401,1721,979,1,Main,DEPT,Spiritual Care Office,SCO,P
GRETL03501,1269,1890,1,Main,REST,Restroom,Secret Room Floor 1,P
AINFO001-2,1667,2746,-2,Main,INFO,BTM Security Desk,Security,P
AINFO00100,1482,2725,0,Main,INFO,BTM Security Desk,Security,P
EINFO00101,2460,850,1,Main,INFO,Connors Center Security Desk,Security 1,P
DINFO00202,3487,823,2,Main,INFO,Security Desk Thorn,Security Desk,P
BSERV00102,2840,1072,2,Main,SERV,Patient Financial Services,SERV B0102,P
CSERV001-1,2490,1071,-1,Main,SERV,Volunteers Floor,Service C001L1,P
CSERV001-2,2068,1257,-2,Main,SERV,Interpreter Services,Service C001L2,P
GCONF02001,1503,2117,1,Main,CONF,Shapiro Board Room,Shapiro Board Room,P
GSTAI01001,1747,2128,1,Main,STAI,Staircase,Shapiro Right,P
FDEPT00401,1794,1146,1,Main,DEPT,Sharf Admitting Center,Sharf Center,P
FEXIT00101,2004,796,1,Main,EXIT,Shattuck Street Lobby Exit,Shattuck St. Exit,P
GSTAI01301,1751,2016,1,Main,STAI,Staircase,Southbound Stairs Floor 1,P
STAI80002,1623,2774,2,Main,STAI,Staircase,STAI,P
STAI10001,3236,850,1,Main,STAI,Staircase,STAI,P
STAI319-1,1625,2203,-1,Main,STAI,Staircase,STAI,P
STAI13002,3193,860,2,Main,STAI,Staircase,STAI,P
KSTAI19103,2191,932,3,Main,STAI,Staircase,STAI,P
STAI199-2,1574,2195,-2,Main,STAI,Staircase,STAI,P
WSTAI00K02,2177,923,2,Main,STAI,Staircase,STAI 2,P
BSTAI00302,2554,783,2,Main,STAI,Staircase,Stair B0302,P
BSTAI00502,2916,830,2,Main,STAI,Staircase,Stair B0502,P
BSTAI00702,2814,1164,2,Main,STAI,Staircase,Stair B0702,P
BSTAI00802,2582,1323,2,Main,STAI,Staircase,Stair B0802,P
BSTAI00902,2196,1315,2,Main,STAI,Staircase,Stair B0902,P
ESTAI00301,2819,1162,1,Main,STAI,Staircase,Stair H1,P
ESTAI00401,2604,1324,1,Main,STAI,Staircase,Stair H2,P
ESTAI00101,2183,938,1,Main,STAI,Staircase,Stair K1,P
DSTAI00102,4661,674,2,Main,STAI,Staircase,Staircase1,P
DSTAI00202,4334,536,2,Main,STAI,Staircase,Staircase2,P
DSTAI00302,4243,448,2,Main,STAI,Staircase,Staircase3,P
DSTAI00402,4157,608,2,Main,STAI,Staircase,Staircase4,P
DSTAI00502,4067,625,2,Main,STAI,Staircase,Staircase5,P
DSTAI00602,3939,860,2,Main,STAI,Staircase,Staircase6,P
DSTAI00802,3533,644,2,Main,STAI,Staircase,Staircase8,P
ASTAI00102,1636,2590,2,Main,STAI,Staircase,Stairs Floor 2,P
FSTAI00101,2040,862,1,Main,STAI,Lobby Shattuck Street Stairs,Stairway F00101,P
HSTAI00103,1679,1259,3,Main,STAI,Staircase,Stairwell,P
HSTAI00102,2054,867,2,Main,STAI,Staircase,Stairwell 0102,P
HSTAI00202,1695,1165,2,Main,STAI,Staircase,Stairwell 0202,P
GSERV01603,1580,1829,3,Main,SERV,The Porch,The Porch,P
DDEPT00202,4241,729,2,Main,DEPT,Thoracic Surgery Clinic,Thoracic Surgery Clinic,P
FSERV00201,1604,1030,1,Main,SERV,Tower Medical Cashier,Tower Cashier,P
FHALL00601,1869,930,1,Main,HALL,Tower Lobby Entrance 1,Tower Entrance,P
FHALL02101,1769,1146,1,Main,HALL,Tower Hallway Entrance,Tower Entrance 2,P
FSTAI00201,1686,802,1,Main,STAI,Tower Stairway 1,Tower Stairs 1,P
INFO10502,3114,943,2,Main,INFO,Valet,Valet,P
FSERV00501,1642,1333,1,Main,SERV,75 Lobby Valet Cashier,Valet Cashier,P
SERV90002,1605,1048,2,Main,SERV,Vending Machine,VEND,P
FRETL00101,1970,839,1,Main,RETL,Lobby Vending Machine,VM Lobby,P
EDEPT00101,2335,860,1,Main,DEPT,Waiting Room 1,Wait 1,P
GDEPT00702,1340,1776,2,Main,DEPT,waiting room,Waiting Area Shapiro Floor 2,P
DDEPT00402,3427,892,2,Main,DEPT,Waiting Room,Waiting Room,P
GDEPT02402,1578,1932,2,Main,DEPT,Watkins A,Watkins A,P
GDEPT03502,1551,2153,2,Main,DEPT,Watkins B,Watkins B,P
GDEPT01403,1538,1913,3,Main,DEPT,Watkins Clinic C ,Watkins Dept,P
EDEPT00201,3100,869,1,Main,DEPT,Wound and Ambulatory Department,WCCAT 1,P
ELABS00201,2768,1289,1,Main,LAB,Ambulatory X-Ray,X-Ray 1,P
GDEPT01901,1567,2139,1,Main,DEPT,Zinner Breakout Room,Zinner Breakout Room,P
